Barcode,atretic_follicle
AACTATGTGCTTGTTA-1,Atretic
AACTGCAACGTCCTGG-1,Atretic
AACTGCTACCTCGATA-1,Atretic
AAGTACTGGATGCGCA-1,Atretic
AATAACATGTTACGTC-1,Atretic
AATACGTAGACAGTTA-1,Atretic
ACAATACAGGCGCCGT-1,Atretic
ACAGAATAAGAACCAT-1,Atretic
ACCGAAGCCGAATTAA-1,Atretic
ACGTTCTGCCATAATC-1,Atretic
AGCCAGCGGCAAGCGT-1,Atretic
AGCCGTATTCAACCGT-1,Atretic
AGCCTCGCATGGTCCT-1,Atretic
AGTGCAATAACTAACA-1,Atretic
AGTGCCAGATGCTCTG-1,Atretic
ATACAATTGCGGTATT-1,Atretic
ATAGCTATTCGCACTC-1,Atretic
ATAGTTAAGGCACGAG-1,Atretic
ATTATGCCATCGTTAA-1,Atretic
ATTCAAGATTAGTTGC-1,Atretic
ATTCACGTCGCAGGCT-1,Atretic
CAAGATTCGTCAGCTG-1,Atretic
CACTTGACATTCAGAA-1,Atretic
CAGCTTGGTTCGGTCG-1,Atretic
CAGGACAGAAGGCTGG-1,Atretic
CAGTATCTTACACTAA-1,Atretic
CATTGGCGGTTGAGTC-1,Atretic
CCGACAACGTCATCGG-1,Atretic
CCGATAATGGAGCCTT-1,Atretic
CCGCAAGGTACCGTTG-1,Atretic
CCTCGGTATGACAGTA-1,Atretic
CGATAAGGTGCCTGAC-1,Atretic
CGCCTCGAGCCACTCG-1,Atretic
CTACCTTATCAACTGA-1,Atretic
CTATGCCGTACAGCGT-1,Atretic
CTCCTACTTGAGTAAG-1,Atretic
CTCGATGTTGAACGGC-1,Atretic
CTGAAGGTGCTCGAGG-1,Atretic
CTTCGACCAAGCCGAG-1,Atretic
GACCACTTAGACAGGT-1,Atretic
GACCGGCCATGTACCG-1,Atretic
GACGCAGCGTCAAGTT-1,Atretic
GCACTGAATATGACAG-1,Atretic
GCGAATGCAGTGTCAA-1,Atretic
GCGAATTGGCTAGCCA-1,Atretic
GCTTCTCCAGAACCGC-1,Atretic
GCTTGACCTCCGCTTC-1,Atretic
GGAAGCATTAGAGGCA-1,Atretic
GGACCGATCTGGATTA-1,Atretic
GGCGCCGTCGGACATA-1,Atretic
GGCTGACGCCGAATCA-1,Atretic
GGTGGCTTATTGCGTG-1,Atretic
GTATGTAGCTCACCTT-1,Atretic
GTCAGGTACGTGGCAT-1,Atretic
GTCTATCAGTACTAAT-1,Atretic
GTGGCGCCAGCTAACC-1,Atretic
TAACGAATCCTAGATA-1,Atretic
TAAGAATATGAGATAG-1,Atretic
TACGGTAGTTGCGTGA-1,Atretic
TAGCTACCATACTGCT-1,Atretic
TAGTGACTCAATTGCT-1,Atretic
TATTCGACAACCGTGA-1,Atretic
TATTCGACATTACTAT-1,Atretic
TCAGTCATTGCAAGTG-1,Atretic
TCAGTTCTCCGGACCG-1,Atretic
TCCGAACATAGTCTGA-1,Atretic
TCGGTAATTACGTGGA-1,Atretic
TCGGTAGGCATCACGC-1,Atretic
TCTACACTAATTACTC-1,Atretic
TCTGCGTGCTTCAGAC-1,Atretic
TGACGGAGCGCTATAC-1,Atretic
TGAGTGAGGCACGCCT-1,Atretic
TGATAAGCAGTAAGAA-1,Atretic
TGATCGGACCTGGATG-1,Atretic
TGCACGTAGTTCGAAG-1,Atretic
TGCCAGCTATTGTAGA-1,Atretic
TGTCAAGCGGATCGGT-1,Atretic
TGTTCATTGGTCCAAG-1,Atretic
