Barcode,rete
AAGCCATCGCGATATG-1,Rete2
AATTGCGTCAGACACT-1,Rete1
ACATTGAAGGCGGTGC-1,Rete1
ACCTCCTAGAGGCATG-1,Rete1
ACGGTGTACGGTGCCA-1,Rete1
ACTGGTGATTCCGATC-1,Rete1
ACTGGTTCTGAACGAT-1,Rete1
AGCAGGTATGCCATTG-1,Rete2
AGGACGAAGCCTCCTT-1,Rete1
AGTGTCTTAAGCTTGT-1,Rete1
ATAACGAAGAGCACGC-1,Rete2
ATAAGGCGGACAAGTT-1,Rete1
ATCGTAATCCACATGC-1,Rete1
ATCTGCCGTCTACAGC-1,Rete1
ATGTCATACTTAGACC-1,Rete2
CACTCAGTACTCCGCT-1,Rete1
CACTCAGTGGTCCTTC-1,Rete2
CCGCATGTAGTTAGAC-1,Rete1
CGACCTATACTGACGT-1,Rete1
CGCAGAGCAGTCCGAG-1,Rete1
CTAGTCAGGCGACAGT-1,Rete1
CTATCCGCTGCAATTG-1,Rete1
CTATTATGGCACCTCG-1,Rete1
CTCGGACTAACGTGGC-1,Rete1
CTGATTAACAGCGGCC-1,Rete2
GATATCCATATGAGGC-1,Rete2
GATCCGGACATACACC-1,Rete1
GCTTGCAATACAAGGC-1,Rete2
GGTTAGCTTCATGAGT-1,Rete2
GTACAGCCGTTACAGA-1,Rete1
GTCTATTAGTGAGGCC-1,Rete1
GTTGGCGTGAGCGACC-1,Rete1
TAAGGTCCGTGACCGT-1,Rete1
TACCTCAGGCAACAGA-1,Rete1
TACGTACACCTTAAGC-1,Rete2
TAGCTATGTTGAGCAC-1,Rete1
TATGACGCGTATGTCG-1,Rete1
TCAAGGAACCTATTGC-1,Rete1
TCACATAGACCTCCGT-1,Rete1
TCTAACAAGCCAATCC-1,Rete1
TCTAGAACTTCTTGCA-1,Rete2
TGCACGCTCCTATCCG-1,Rete1
TGCCACAATGCTACCG-1,Rete1
TGTATCGGCGGTCGCA-1,Rete1
